{
    "size": {
        "height": 360,
        "width": 640
    },
    "description": "",
    "key": "c618487208614dce918073c7fb6830e1",
    "tags": [
        {
            "name": "white_tackle",
            "labelerLogin": "woodmc10",
            "updatedAt": "2025-01-23T19:45:06.155Z",
            "createdAt": "2025-01-23T19:44:58.085Z",
            "frameRange": [
                968,
                1020
            ],
            "key": "7cdf5c0323fe418da91c1494ce88b26c"
        },
        {
            "name": "white_tackle",
            "labelerLogin": "woodmc10",
            "updatedAt": "2025-01-23T19:46:16.874Z",
            "createdAt": "2025-01-23T19:46:08.619Z",
            "frameRange": [
                1899,
                1954
            ],
            "key": "2eadb9ae384148ebbea2896ee2d2d23e"
        },
        {
            "name": "white_tackle",
            "labelerLogin": "woodmc10",
            "updatedAt": "2025-01-23T19:47:03.726Z",
            "createdAt": "2025-01-23T19:46:49.399Z",
            "frameRange": [
                2165,
                2226
            ],
            "key": "4a255fecb91f4f68a0201c349f6c7c3e"
        },
        {
            "name": "dark_tackle",
            "labelerLogin": "woodmc10",
            "updatedAt": "2025-01-23T19:48:36.954Z",
            "createdAt": "2025-01-23T19:48:30.521Z",
            "frameRange": [
                3333,
                3375
            ],
            "key": "ae721342077940868e0bf706eb9a8008"
        },
        {
            "name": "dark_tackle",
            "labelerLogin": "woodmc10",
            "updatedAt": "2025-01-23T19:49:03.945Z",
            "createdAt": "2025-01-23T19:48:58.330Z",
            "frameRange": [
                3517,
                3571
            ],
            "key": "74118569c6a54f01996bb49f6fcbb511"
        },
        {
            "name": "white_tackle",
            "labelerLogin": "woodmc10",
            "updatedAt": "2025-01-23T19:51:32.131Z",
            "createdAt": "2025-01-23T19:51:20.984Z",
            "frameRange": [
                6270,
                6314
            ],
            "key": "b7d302d4b84c4c9180fcfbef6801f4e9"
        },
        {
            "name": "white_tackle",
            "labelerLogin": "woodmc10",
            "updatedAt": "2025-01-23T19:51:53.792Z",
            "createdAt": "2025-01-23T19:51:48.084Z",
            "frameRange": [
                6367,
                6427
            ],
            "key": "69546a5f23244bd6a018a8d4fe3154ce"
        },
        {
            "name": "white_tackle",
            "labelerLogin": "woodmc10",
            "updatedAt": "2025-01-23T19:52:15.591Z",
            "createdAt": "2025-01-23T19:52:09.818Z",
            "frameRange": [
                6460,
                6522
            ],
            "key": "fc10dac825394bab92bf52c34a746b46"
        },
        {
            "name": "white_tackle",
            "labelerLogin": "woodmc10",
            "updatedAt": "2025-01-23T19:53:31.582Z",
            "createdAt": "2025-01-23T19:53:14.400Z",
            "frameRange": [
                7638,
                7687
            ],
            "key": "90d2f469e6714221be9df2f064b2c59c"
        },
        {
            "name": "dark_tackle",
            "labelerLogin": "woodmc10",
            "updatedAt": "2025-01-23T19:54:32.799Z",
            "createdAt": "2025-01-23T19:54:24.464Z",
            "frameRange": [
                8521,
                8574
            ],
            "key": "3fd773b1b03c4129904fb27633474a14"
        },
        {
            "name": "dark_tackle",
            "labelerLogin": "woodmc10",
            "updatedAt": "2025-01-23T19:55:20.681Z",
            "createdAt": "2025-01-23T19:55:06.715Z",
            "frameRange": [
                8740,
                8796
            ],
            "key": "e6383c49862847409fb1177f4e28f49c"
        },
        {
            "name": "white_tackle",
            "labelerLogin": "woodmc10",
            "updatedAt": "2025-01-23T19:59:41.455Z",
            "createdAt": "2025-01-23T19:59:20.623Z",
            "frameRange": [
                13212,
                13283
            ],
            "key": "6ccfb8f3536f4f5a9db069da49138536"
        },
        {
            "name": "white_tackle",
            "labelerLogin": "woodmc10",
            "updatedAt": "2025-01-23T20:03:38.688Z",
            "createdAt": "2025-01-23T20:03:25.999Z",
            "frameRange": [
                21295,
                21351
            ],
            "key": "cb95d04be7b54a67a5bb484d2faa3093"
        },
        {
            "name": "white_tackle",
            "labelerLogin": "woodmc10",
            "updatedAt": "2025-01-23T20:04:03.062Z",
            "createdAt": "2025-01-23T20:03:56.461Z",
            "frameRange": [
                21463,
                21484
            ],
            "key": "60a07b06c08c415ab4042515944b0b15"
        },
        {
            "name": "white_tackle",
            "labelerLogin": "woodmc10",
            "updatedAt": "2025-01-23T20:05:18.690Z",
            "createdAt": "2025-01-23T20:05:10.054Z",
            "frameRange": [
                21527,
                21574
            ],
            "key": "bb7ddd6074d7405d9a89cb0ec37e20ef"
        },
        {
            "name": "white_tackle",
            "labelerLogin": "woodmc10",
            "updatedAt": "2025-01-23T20:06:27.369Z",
            "createdAt": "2025-01-23T20:06:15.349Z",
            "frameRange": [
                22481,
                22511
            ],
            "key": "a57aad1ddca548ff962a0002807dc0e2"
        },
        {
            "name": "white_tackle",
            "labelerLogin": "woodmc10",
            "updatedAt": "2025-01-23T20:08:34.678Z",
            "createdAt": "2025-01-23T20:08:17.477Z",
            "frameRange": [
                24580,
                24614
            ],
            "key": "2e6937ff52a54b7fbea167f727a78d40"
        },
        {
            "name": "white_tackle",
            "labelerLogin": "woodmc10",
            "updatedAt": "2025-01-23T20:10:41.167Z",
            "createdAt": "2025-01-23T20:10:32.827Z",
            "frameRange": [
                25695,
                25726
            ],
            "key": "1a6d3df346464383bb1529617aed67bd"
        },
        {
            "name": "dark_tackle",
            "labelerLogin": "woodmc10",
            "updatedAt": "2025-01-23T20:12:20.662Z",
            "createdAt": "2025-01-23T20:12:15.467Z",
            "frameRange": [
                29008,
                29052
            ],
            "key": "a11fc8efcbd04d469e00b4ade51366cf"
        },
        {
            "name": "white_tackle",
            "labelerLogin": "woodmc10",
            "updatedAt": "2025-01-23T20:14:35.756Z",
            "createdAt": "2025-01-23T20:14:21.537Z",
            "frameRange": [
                29886,
                29918
            ],
            "key": "a11bf544861e4f6689ec3e3ae2eb3fe3"
        },
        {
            "name": "white_tackle",
            "labelerLogin": "woodmc10",
            "updatedAt": "2025-01-23T20:16:05.318Z",
            "createdAt": "2025-01-23T20:16:00.214Z",
            "frameRange": [
                30344,
                30385
            ],
            "key": "bdcc4022e35b48e18a4b73db8a3b9bc1"
        }
    ],
    "objects": [],
    "frames": [],
    "framesCount": 34674
}