{
    "classes": [],
    "tags": [
        {
            "name": "white_tackle",
            "value_type": "none",
            "color": "#FF03D6",
            "id": 32816163,
            "hotkey": "",
            "applicable_type": "imagesOnly",
            "classes": []
        },
        {
            "name": "dark_tackle",
            "value_type": "none",
            "color": "#010AFE",
            "id": 32816164,
            "hotkey": "",
            "applicable_type": "imagesOnly",
            "classes": []
        }
    ],
    "projectType": "videos",
    "projectSettings": {
        "multiView": {
            "enabled": false,
            "tagName": null,
            "tagId": null,
            "isSynced": false
        }
    }
}